{
    "providers": [


        {
            "type": "bitmap",
            "file": "reallyworld:inventory/shop.png",
            "ascent": 31,
            "height": 256,
            "chars": [
                    "\u0100" 
                ]
        },
        {
            "type": "bitmap",
            "file": "reallyworld:inventory/pasxa.png",
            "ascent": 31,
            "height": 256,
            "chars": [
                    "\u01C2" 
                ]
        },
        {
            "type": "bitmap",
            "file": "reallyworld:item/sidebar_end.png",
            "ascent": 7,
            "height": 32,
            "chars": [
                    "\uA400"
                ]
        },
        {
            "type": "bitmap",
            "file": "reallyworld:item/sidebar_start.png",
            "ascent": 7,
            "height": 32,
            "chars": [
                    "\uA401"
                ]
        },
        {
            "type": "bitmap",
            "file": "reallyworld:item/balance_money.png",
            "ascent": 7,
            "height": 32,
            "chars": [
                    "\uA402"
                ]
        },
        {
            "type": "bitmap",
            "file": "reallyworld:item/balance_really.png",
            "ascent": 7,
            "height": 32,
            "chars": [
                    "\uA403"
                ]
        },
        {
            "type": "bitmap",
            "file": "reallyworld:item/balance_event.png",
            "ascent": 7,
            "height": 32,
            "chars": [
                    "\uA404"
                ]
        },
        {
            "type": "bitmap",
            "file": "reallyworld:item/icon_ms.png",
            "ascent": 7,
            "height": 32,
            "chars": [
                    "\uA405"
                ]
        },
        {
            "type": "bitmap",
            "file": "reallyworld:item/icon_lvl.png",
            "ascent": 7,
            "height": 32,
            "chars": [
                    "\uA406"
                ]
        },
        {
            "type": "bitmap",
            "file": "reallyworld:item/icon_exp.png",
            "ascent": 7,
            "height": 32,
            "chars": [
                    "\uA407"
                ]
        },
        {
            "type": "bitmap",
            "file": "reallyworld:inventory/logotype.png",
            "ascent": 31,
            "height": 150,
            "chars": [
                    "\uA002" 
                ]
        },
        {
            "type": "bitmap",
            "file": "reallyworld:inventory/menu.png",
            "ascent": 31,
            "height": 256,
            "chars": [
                    "\u0101" 
                ]
        },
        {
            "type": "bitmap",
            "file": "reallyworld:inventory/donate.png",
            "ascent": 31,
            "height": 256,
            "chars": [
                    "\u0102" 
                ]
        },
        {
            "type": "bitmap",
            "file": "reallyworld:inventory/case.png",
            "ascent": 31,
            "height": 256,
            "chars": [
                    "\u0103" 
                ]
        },
        {
            "type": "bitmap",
            "file": "reallyworld:inventory/warp_select.png",
            "ascent": 31,
            "height": 256,
            "chars": [
                    "\u0104"
                ]
        },
        {
            "type": "bitmap",
            "file": "reallyworld:inventory/warps.png",
            "ascent": 31,
            "height": 256,
            "chars": [
                    "\u0105"
                ]
        },
        {
            "type": "bitmap",
            "file": "reallyworld:inventory/navigation.png",
            "ascent": 31,
            "height": 256,
            "chars": [
                    "\u0106"
                ]
        },
        {
            "type": "bitmap",
            "file": "reallyworld:inventory/navigation_event.png",
            "ascent": 31,
            "height": 256,
            "chars": [
                    "\u0107"
                ]
        },
        {
            "type": "bitmap",
            "file": "reallyworld:inventory/contract.png",
            "ascent": 31,
            "height": 256,
            "chars": [
                    "\u0108"
                ]
        },
        {
            "type": "bitmap",
            "file": "reallyworld:inventory/shop_grief.png",
            "ascent": 31,
            "height": 256,
            "chars": [
                    "\u0109"
                ]
        },
        {
            "type": "bitmap",
            "file": "reallyworld:inventory/shop_sphere.png",
            "ascent": 31,
            "height": 256,
            "chars": [
                    "\u0110"
                ]
        },
        {
            "type": "bitmap",
            "file": "reallyworld:inventory/shop_spawner.png",
            "ascent": 31,
            "height": 256,
            "chars": [
                    "\u0111"
                ]
        },
        {
            "type": "bitmap",
            "file": "reallyworld:inventory/shop_pve.png",
            "ascent": 31,
            "height": 256,
            "chars": [
                    "\u0112"
                ]
        },
        {
            "type": "bitmap",
            "file": "reallyworld:inventory/shop_season.png",
            "ascent": 31,
            "height": 256,
            "chars": [
                    "\u0113"
                ]
        },
        {
            "type": "bitmap",
            "file": "reallyworld:inventory/shop_trident.png",
            "ascent": 31,
            "height": 256,
            "chars": [
                    "\u0114"
                ]
        },
        {
            "type": "bitmap",
            "file": "reallyworld:inventory/enderchest_buy.png",
            "ascent": 31,
            "height": 256,
            "chars": [
                    "\u0115"
                ]
        },
        {
            "type": "bitmap",
            "file": "reallyworld:inventory/shop_potion.png",
            "ascent": 31,
            "height": 256,
            "chars": [
                    "\u0116"
                ]
        },
        {
            "type": "bitmap",
            "file": "reallyworld:inventory/shop_boost.png",
            "ascent": 31,
            "height": 256,
            "chars": [
                    "\u0117"
                ]
        },
        {
            "type": "bitmap",
            "file": "reallyworld:inventory/shop_kit.png",
            "ascent": 31,
            "height": 256,
            "chars": [
                    "\u0118"
                ]
        },
        {
            "type": "bitmap",
            "file": "reallyworld:inventory/enderchest_confirm.png",
            "ascent": 31,
            "height": 256,
            "chars": [
                    "\u0119"
                ]
        },
        {
            "type": "bitmap",
            "file": "reallyworld:inventory/seller.png",
            "ascent": 31,
            "height": 256,
            "chars": [
                    "\u0120"
                ]
        },
        {
            "type": "bitmap",
            "file": "reallyworld:inventory/rewards.png",
            "ascent": 31,
            "height": 256,
            "chars": [
                    "\u0121"
                ]
        },
        {
            "type": "bitmap",
            "file": "reallyworld:inventory/jobs.png",
            "ascent": 31,
            "height": 256,
            "chars": [
                    "\u0122"
                ]
        },
        {
            "type": "bitmap",
            "file": "reallyworld:inventory/prefix.png",
            "ascent": 31,
            "height": 256,
            "chars": [
                    "\u0123"
                ]
        },
        {
            "type": "bitmap",
            "file": "reallyworld:inventory/kits.png",
            "ascent": 31,
            "height": 256,
            "chars": [
                    "\u0124"
                ]
        },
        {
            "type": "bitmap",
            "file": "reallyworld:inventory/kits_preview.png",
            "ascent": 31,
            "height": 256,
            "chars": [
                    "\u0125"
                ]
        },
        {
            "type": "bitmap",
            "file": "reallyworld:inventory/quest.png",
            "ascent": 31,
            "height": 256,
            "chars": [
                    "\u0126"
                ]
        },
        {
            "type": "bitmap",
            "file": "reallyworld:inventory/killer.png",
            "ascent": 31,
            "height": 256,
            "chars": [
                    "\u0127"
                ]
        },
        {
            "type": "bitmap",
            "file": "reallyworld:inventory/bp.png",
            "ascent": 31,
            "height": 256,
            "chars": [
                    "\u0128"
                ]
        },
        {
            "type": "bitmap",
            "file": "reallyworld:inventory/rtp.png",
            "ascent": 31,
            "height": 256,
            "chars": [
                    "\u0129"
                ]
        },
        {
            "type": "bitmap",
            "file": "reallyworld:inventory/case_open.png",
            "ascent": 31,
            "height": 256,
            "chars": [
                    "\u0130"
                ]
        },
        {
            "type": "bitmap",
            "file": "reallyworld:inventory/fair.png",
            "ascent": 31,
            "height": 256,
            "chars": [
                    "\u0131"
                ]
        },
        {
            "type": "bitmap",
            "file": "reallyworld:inventory/fair_head.png",
            "ascent": 31,
            "height": 256,
            "chars": [
                    "\u0132"
                ]
        },
        {
            "type": "bitmap",
            "file": "reallyworld:inventory/fair_spawner.png",
            "ascent": 31,
            "height": 256,
            "chars": [
                    "\u0133"
                ]
        },
        {
            "type": "bitmap",
            "file": "reallyworld:inventory/fair_grief.png",
            "ascent": 31,
            "height": 256,
            "chars": [
                    "\u0134"
                ]
        },
        {
            "type": "bitmap",
            "file": "reallyworld:inventory/fair_potion.png",
            "ascent": 31,
            "height": 256,
            "chars": [
                    "\u0135"
                ]
        },
        {
            "type": "bitmap",
            "file": "reallyworld:inventory/fair_arrows.png",
            "ascent": 31,
            "height": 256,
            "chars": [
                    "\u0136"
                ]
        },
        {
            "type": "bitmap",
            "file": "reallyworld:inventory/coliseum.png",
            "ascent": 31,
            "height": 256,
            "chars": [
                    "\u0137"
                ]
        },
        {
            "type": "bitmap",
            "file": "reallyworld:inventory/casino.png",
            "ascent": 31,
            "height": 256,
            "chars": [
                    "\u0138"
                ]
        },
        {
            "type": "bitmap",
            "file": "reallyworld:inventory/auction.png",
            "ascent": 31,
            "height": 256,
            "chars": [
                    "\u0139"
                ]
        },
        {
            "type": "bitmap",
            "file": "reallyworld:inventory/auction_my.png",
            "ascent": 31,
            "height": 256,
            "chars": [
                    "\u0140"
                ]
        },
        {
            "type": "bitmap",
            "file": "reallyworld:inventory/auction_cat.png",
            "ascent": 31,
            "height": 256,
            "chars": [
                    "\u0141"
                ]
        },
        {
            "type": "bitmap",
            "file": "reallyworld:inventory/auction_confirm.png",
            "ascent": 31,
            "height": 256,
            "chars": [
                    "\u0142"
                ]
        },
        {
            "type": "bitmap",
            "file": "reallyworld:inventory/buyer.png",
            "ascent": 31,
            "height": 256,
            "chars": [
                    "\u0143"
                ]
        },
        {
            "type": "bitmap",
            "file": "reallyworld:inventory/baf.png",
            "ascent": 31,
            "height": 256,
            "chars": [
                    "\u0144"
                ]
        },
        {
            "type": "bitmap",
            "file": "reallyworld:inventory/rwplus.png",
            "ascent": 31,
            "height": 256,
            "chars": [
                    "\u0145"
                ]
        },
        {
            "type": "bitmap",
            "file": "reallyworld:inventory/rwplus_buy.png",
            "ascent": 31,
            "height": 256,
            "chars": [
                    "\u0146"
                ]
        },
        {
            "type": "bitmap",
            "file": "reallyworld:inventory/rwplus_confirm.png",
            "ascent": 31,
            "height": 256,
            "chars": [
                    "\u0147"
                ]
        },
        {
            "type": "bitmap",
            "file": "reallyworld:inventory/shop_shulker.png",
            "ascent": 31,
            "height": 256,
            "chars": [
                    "\u0148"
                ]
        },
        {
            "type": "bitmap",
            "file": "reallyworld:inventory/clan_shop.png",
            "ascent": 31,
            "height": 256,
            "chars": [
                    "\u0149"
                ]
        },
        {
            "type": "bitmap",
            "file": "reallyworld:inventory/clan_shop_3.png",
            "ascent": 31,
            "height": 256,
            "chars": [
                    "\u0150"
                ]
        },
        {
            "type": "bitmap",
            "file": "reallyworld:inventory/clan_shop_spawner.png",
            "ascent": 31,
            "height": 256,
            "chars": [
                    "\u0151"
                ]
        },
        {
            "type": "bitmap",
            "file": "reallyworld:inventory/clan_shop_grief.png",
            "ascent": 31,
            "height": 256,
            "chars": [
                    "\u0152"
                ]
        },
        {
            "type": "bitmap",
            "file": "reallyworld:inventory/jobs_seller.png",
            "ascent": 31,
            "height": 256,
            "chars": [
                    "\u0153"
                ]
        },









        {
            "type": "bitmap",
            "file": "space:font/space_split.png",
            "ascent": -32768,
            "height": -3,
            "chars": [
                "\uF801"
            ]
        },
        {
            "type": "bitmap",
            "file": "space:font/space_split.png",
            "ascent": -32768,
            "height": -4,
            "chars": [
                "\uF802"
            ]
        },
        {
            "type": "bitmap",
            "file": "space:font/space_split.png",
            "ascent": -32768,
            "height": -5,
            "chars": [
                "\uF803"
            ]
        },
        {
            "type": "bitmap",
            "file": "space:font/space_split.png",
            "ascent": -32768,
            "height": -6,
            "chars": [
                "\uF804"
            ]
        },
        {
            "type": "bitmap",
            "file": "space:font/space_split.png",
            "ascent": -32768,
            "height": -7,
            "chars": [
                "\uF805"
            ]
        },
        {
            "type": "bitmap",
            "file": "space:font/space_split.png",
            "ascent": -32768,
            "height": -8,
            "chars": [
                "\uF806"
            ]
        },
        {
            "type": "bitmap",
            "file": "space:font/space_split.png",
            "ascent": -32768,
            "height": -9,
            "chars": [
                "\uF807"
            ]
        },
        {
            "type": "bitmap",
            "file": "space:font/space_split.png",
            "ascent": -32768,
            "height": -10,
            "chars": [
                "\uF808"
            ]
        },
        {
            "type": "bitmap",
            "file": "space:font/space_split.png",
            "ascent": -32768,
            "height": -18,
            "chars": [
                "\uF809"
            ]
        },
        {
            "type": "bitmap",
            "file": "space:font/space_split.png",
            "ascent": -32768,
            "height": -34,
            "chars": [
                "\uF80A"
            ]
        },
        {
            "type": "bitmap",
            "file": "space:font/space_split.png",
            "ascent": -32768,
            "height": -66,
            "chars": [
                "\uF80B"
            ]
        },
        {
            "type": "bitmap",
            "file": "space:font/space_split.png",
            "ascent": -32768,
            "height": -130,
            "chars": [
                "\uF80C"
            ]
        },
        {
            "type": "bitmap",
            "file": "space:font/space_split.png",
            "ascent": -32768,
            "height": -258,
            "chars": [
                "\uF80D"
            ]
        },
        {
            "type": "bitmap",
            "file": "space:font/space_split.png",
            "ascent": -32768,
            "height": -514,
            "chars": [
                "\uF80E"
            ]
        },
        {
            "type": "bitmap",
            "file": "space:font/space_split.png",
            "ascent": -32768,
            "height": -1026,
            "chars": [
                "\uF80F"
            ]
        },
        {
            "type": "bitmap",
            "file": "space:font/space_split.png",
            "ascent": -65536,
            "height": -32770,
            "chars": [
                "\uF800"
            ]
        },
        {
            "type": "bitmap",
            "file": "space:font/space_split.png",
            "ascent": -32768,
            "height": 0,
            "chars": [
                "\uF821"
            ]
        },
        {
            "type": "bitmap",
            "file": "space:font/space_split.png",
            "ascent": -32768,
            "height": 1,
            "chars": [
                "\uF822"
            ]
        },
        {
            "type": "bitmap",
            "file": "space:font/space_split.png",
            "ascent": -32768,
            "height": 2,
            "chars": [
                "\uF823"
            ]
        },
        {
            "type": "bitmap",
            "file": "space:font/space_split.png",
            "ascent": -32768,
            "height": 3,
            "chars": [
                "\uF824"
            ]
        },
        {
            "type": "bitmap",
            "file": "space:font/space_split.png",
            "ascent": -32768,
            "height": 4,
            "chars": [
                "\uF825"
            ]
        },
        {
            "type": "bitmap",
            "file": "space:font/space_split.png",
            "ascent": -32768,
            "height": 5,
            "chars": [
                "\uF826"
            ]
        },
        {
            "type": "bitmap",
            "file": "space:font/space_split.png",
            "ascent": -32768,
            "height": 6,
            "chars": [
                "\uF827"
            ]
        },
        {
            "type": "bitmap",
            "file": "space:font/space_split.png",
            "ascent": -32768,
            "height": 7,
            "chars": [
                "\uF828"
            ]
        },
        {
            "type": "bitmap",
            "file": "space:font/space_split.png",
            "ascent": -32768,
            "height": 15,
            "chars": [
                "\uF829"
            ]
        },
        {
            "type": "bitmap",
            "file": "space:font/space_split.png",
            "ascent": -32768,
            "height": 31,
            "chars": [
                "\uF82A"
            ]
        },
        {
            "type": "bitmap",
            "file": "space:font/space_split.png",
            "ascent": -32768,
            "height": 63,
            "chars": [
                "\uF82B"
            ]
        },
        {
            "type": "bitmap",
            "file": "space:font/space_split.png",
            "ascent": -32768,
            "height": 127,
            "chars": [
                "\uF82C"
            ]
        },
        {
            "type": "bitmap",
            "file": "space:font/space_split.png",
            "ascent": -32768,
            "height": 255,
            "chars": [
                "\uF82D"
            ]
        },
        {
            "type": "bitmap",
            "file": "space:font/space_split.png",
            "ascent": -32768,
            "height": 511,
            "chars": [
                "\uF82E"
            ]
        },
        {
            "type": "bitmap",
            "file": "space:font/space_split.png",
            "ascent": -32768,
            "height": 1023,
            "chars": [
                "\uF82F"
            ]
        },
        {
            "type": "bitmap",
            "file": "space:font/space_split.png",
            "ascent": -65536,
            "height": 32767,
            "chars": [
                "\uF820"
            ]
        },
        {
            "type": "bitmap",
            "file": "space:font/space_nosplit.png",
            "ascent": -32768,
            "height": -3,
            "chars": [
                "\uF811"
            ]
        },
        {
            "type": "bitmap",
            "file": "space:font/space_nosplit.png",
            "ascent": -32768,
            "height": -4,
            "chars": [
                "\uF812"
            ]
        },
        {
            "type": "bitmap",
            "file": "space:font/space_nosplit.png",
            "ascent": -32768,
            "height": -5,
            "chars": [
                "\uF813"
            ]
        },
        {
            "type": "bitmap",
            "file": "space:font/space_nosplit.png",
            "ascent": -32768,
            "height": -6,
            "chars": [
                "\uF814"
            ]
        },
        {
            "type": "bitmap",
            "file": "space:font/space_nosplit.png",
            "ascent": -32768,
            "height": -7,
            "chars": [
                "\uF815"
            ]
        },
        {
            "type": "bitmap",
            "file": "space:font/space_nosplit.png",
            "ascent": -32768,
            "height": -8,
            "chars": [
                "\uF816"
            ]
        },
        {
            "type": "bitmap",
            "file": "space:font/space_nosplit.png",
            "ascent": -32768,
            "height": -9,
            "chars": [
                "\uF817"
            ]
        },
        {
            "type": "bitmap",
            "file": "space:font/space_nosplit.png",
            "ascent": -32768,
            "height": -10,
            "chars": [
                "\uF818"
            ]
        },
        {
            "type": "bitmap",
            "file": "space:font/space_nosplit.png",
            "ascent": -32768,
            "height": -18,
            "chars": [
                "\uF819"
            ]
        },
        {
            "type": "bitmap",
            "file": "space:font/space_nosplit.png",
            "ascent": -32768,
            "height": -34,
            "chars": [
                "\uF81A"
            ]
        },
        {
            "type": "bitmap",
            "file": "space:font/space_nosplit.png",
            "ascent": -32768,
            "height": -66,
            "chars": [
                "\uF81B"
            ]
        },
        {
            "type": "bitmap",
            "file": "space:font/space_nosplit.png",
            "ascent": -32768,
            "height": -130,
            "chars": [
                "\uF81C"
            ]
        },
        {
            "type": "bitmap",
            "file": "space:font/space_nosplit.png",
            "ascent": -32768,
            "height": -258,
            "chars": [
                "\uF81D"
            ]
        },
        {
            "type": "bitmap",
            "file": "space:font/space_nosplit.png",
            "ascent": -32768,
            "height": -514,
            "chars": [
                "\uF81E"
            ]
        },
        {
            "type": "bitmap",
            "file": "space:font/space_nosplit.png",
            "ascent": -32768,
            "height": -1026,
            "chars": [
                "\uF81F"
            ]
        },
        {
            "type": "bitmap",
            "file": "space:font/space_nosplit.png",
            "ascent": -65536,
            "height": -32770,
            "chars": [
                "\uF810"
            ]
        },
        {
            "type": "bitmap",
            "file": "space:font/space_nosplit.png",
            "ascent": -32768,
            "height": 0,
            "chars": [
                "\uF831"
            ]
        },
        {
            "type": "bitmap",
            "file": "space:font/space_nosplit.png",
            "ascent": -32768,
            "height": 1,
            "chars": [
                "\uF832"
            ]
        },
        {
            "type": "bitmap",
            "file": "space:font/space_nosplit.png",
            "ascent": -32768,
            "height": 2,
            "chars": [
                "\uF833"
            ]
        },
        {
            "type": "bitmap",
            "file": "space:font/space_nosplit.png",
            "ascent": -32768,
            "height": 3,
            "chars": [
                "\uF834"
            ]
        },
        {
            "type": "bitmap",
            "file": "space:font/space_nosplit.png",
            "ascent": -32768,
            "height": 4,
            "chars": [
                "\uF835"
            ]
        },
        {
            "type": "bitmap",
            "file": "space:font/space_nosplit.png",
            "ascent": -32768,
            "height": 5,
            "chars": [
                "\uF836"
            ]
        },
        {
            "type": "bitmap",
            "file": "space:font/space_nosplit.png",
            "ascent": -32768,
            "height": 6,
            "chars": [
                "\uF837"
            ]
        },
        {
            "type": "bitmap",
            "file": "space:font/space_nosplit.png",
            "ascent": -32768,
            "height": 7,
            "chars": [
                "\uF838"
            ]
        },
        {
            "type": "bitmap",
            "file": "space:font/space_nosplit.png",
            "ascent": -32768,
            "height": 15,
            "chars": [
                "\uF839"
            ]
        },
        {
            "type": "bitmap",
            "file": "space:font/space_nosplit.png",
            "ascent": -32768,
            "height": 31,
            "chars": [
                "\uF83A"
            ]
        },
        {
            "type": "bitmap",
            "file": "space:font/space_nosplit.png",
            "ascent": -32768,
            "height": 63,
            "chars": [
                "\uF83B"
            ]
        },
        {
            "type": "bitmap",
            "file": "space:font/space_nosplit.png",
            "ascent": -32768,
            "height": 127,
            "chars": [
                "\uF83C"
            ]
        },
        {
            "type": "bitmap",
            "file": "space:font/space_nosplit.png",
            "ascent": -32768,
            "height": 255,
            "chars": [
                "\uF83D"
            ]
        },
        {
            "type": "bitmap",
            "file": "space:font/space_nosplit.png",
            "ascent": -32768,
            "height": 511,
            "chars": [
                "\uF83E"
            ]
        },
        {
            "type": "bitmap",
            "file": "space:font/space_nosplit.png",
            "ascent": -32768,
            "height": 1023,
            "chars": [
                "\uF83F"
            ]
        },
        {
            "type": "bitmap",
            "file": "space:font/space_nosplit.png",
            "ascent": -65536,
            "height": 32767,
            "chars": [
                "\uF830"
            ]
        }
    ]
}